{
    "Agent": {
        "total": 16.433169773998088
    },
    "Env": {
        "apply_act": 1.3003544962557498,
        "observation_computation": 0.31016271920816507,
        "powerflow_computation": 0.2996145691140555,
        "total": 1.9101317845779704
    },
    "total": 18.71849186399777
}