{
    "Agent": {
        "total": 17.953158439559047
    },
    "Env": {
        "apply_act": 2.6936496828275267,
        "observation_computation": 0.7200232877803501,
        "powerflow_computation": 0.6719147297408199,
        "total": 4.085587700348697
    },
    "total": 22.904432911993354
}