{
    "Agent": {
        "total": 11.714381905898335
    },
    "Env": {
        "apply_act": 2.5864647140406305,
        "observation_computation": 0.7081861203187145,
        "powerflow_computation": 0.6069663280213717,
        "total": 3.9016171623807168
    },
    "total": 16.45227541300119
}