{
    "Agent": {
        "total": 11.542255202992237
    },
    "Env": {
        "apply_act": 2.6229348925699014,
        "observation_computation": 0.7267672722227871,
        "powerflow_computation": 0.7590359688911121,
        "total": 4.108738133683801
    },
    "total": 16.510719561003498
}