{
    "Agent": {
        "total": 14.499131228396436
    },
    "Env": {
        "apply_act": 2.51606895000441,
        "observation_computation": 0.7276844466541661,
        "powerflow_computation": 0.689076193026267,
        "total": 3.932829589684843
    },
    "total": 19.29611946300429
}