{
    "Agent": {
        "total": 176.05241031965124
    },
    "Env": {
        "apply_act": 4.65237633184006,
        "observation_computation": 1.0921388390561333,
        "powerflow_computation": 0.9780528065602994,
        "total": 6.722567977456492
    },
    "total": 184.1535677829961
}