{
    "Agent": {
        "total": 16.576655373341055
    },
    "Env": {
        "apply_act": 2.983104395432747,
        "observation_computation": 0.72151450610545,
        "powerflow_computation": 0.6649385452183196,
        "total": 4.369557446756517
    },
    "total": 21.810007134001353
}