{
    "Agent": {
        "total": 23.666642178883194
    },
    "Env": {
        "apply_act": 2.9166299943899503,
        "observation_computation": 0.7169876380939968,
        "powerflow_computation": 0.6948445714951959,
        "total": 4.328462203979143
    },
    "total": 28.844456036997144
}