{
    "Agent": {
        "total": 18.900087025976973
    },
    "Env": {
        "apply_act": 3.2091445989353815,
        "observation_computation": 0.7618533660279354,
        "powerflow_computation": 0.6825340635259636,
        "total": 4.6535320284892805
    },
    "total": 24.452775804995326
}