{
    "Agent": {
        "total": 58.586182544284384
    },
    "Env": {
        "apply_act": 1.1315691620548023,
        "observation_computation": 0.2987957420409657,
        "powerflow_computation": 0.26202816801378503,
        "total": 1.692393072109553
    },
    "total": 60.638418297996395
}