{
    "Agent": {
        "total": 37.888193124264944
    },
    "Env": {
        "apply_act": 1.585169582918752,
        "observation_computation": 0.38006654918717686,
        "powerflow_computation": 0.3850662912009284,
        "total": 2.3503024233068572
    },
    "total": 40.69590696899104
}