{
    "Agent": {
        "total": 21.666832664239337
    },
    "Env": {
        "apply_act": 3.0143079889094224,
        "observation_computation": 0.7295907598891063,
        "powerflow_computation": 0.6666209177783458,
        "total": 4.410519666576874
    },
    "total": 26.941203283000505
}