{
    "Agent": {
        "total": 17.223478550746222
    },
    "Env": {
        "apply_act": 2.6299219638312934,
        "observation_computation": 0.716544704104308,
        "powerflow_computation": 0.7142280529078562,
        "total": 4.060694720843458
    },
    "total": 22.137097074009944
}