{
    "Agent": {
        "total": 10.098730086072464
    },
    "Env": {
        "apply_act": 2.9241969138383865,
        "observation_computation": 0.7110824688861612,
        "powerflow_computation": 0.6962659058335703,
        "total": 4.331545288558118
    },
    "total": 15.267916033000802
}