{
    "Agent": {
        "total": 11.651658936563763
    },
    "Env": {
        "apply_act": 2.435403423238313,
        "observation_computation": 0.7281698076840257,
        "powerflow_computation": 0.6834256681031547,
        "total": 3.8469988990254933
    },
    "total": 16.35315678200277
}