{
    "Agent": {
        "total": 28.412341296236264
    },
    "Env": {
        "apply_act": 2.8667336110956967,
        "observation_computation": 0.7147391261387384,
        "powerflow_computation": 0.6342698468215531,
        "total": 4.215742584055988
    },
    "total": 33.48956857400481
}