{
    "Agent": {
        "total": 13.38227082992671
    },
    "Env": {
        "apply_act": 2.9969015028327703,
        "observation_computation": 0.7147279597265879,
        "powerflow_computation": 0.6453502491494874,
        "total": 4.356979711708846
    },
    "total": 18.60259926300205
}