{"scores": [78.47907884928695, 66.42129080371839, 78.24432817174585, 29.696130261556462, 78.01939714342082, 78.19969813815942, 78.396476573525, 64.59165571625546, 78.17706477282935, 68.1461655145286, 78.40903625683649, 78.54906041380666, 42.11213551112661, 78.43578693710484, 78.2125096611933, 78.23694493018544, 34.57084780097833, -1.8403860805089052, 67.51312168347208, 77.94542190190103, 77.26575427257114, 46.91910542266113, 75.39955738969994, 77.18678649703575, 77.71665040022471, 77.09826066466944, 74.01104312304841, 78.46202477651364, 77.80073039098724, 78.93767609785559, 76.03717256528547, 78.7982489820388, 77.69883717476803, 77.51816268319357, 76.79874148613486, 77.41241831480542, 78.14786639248237, 77.35272912737629, 77.46500982827185, 77.07027428736235, 76.55086690897369, 73.91982898223668, 78.11101594264967, 76.35151258420773, 77.6265762825956, 77.02547947355554, 77.12749318250704, 78.17911034137191, 78.27390859745975, 78.49433584302402, 24.121633145942823, 35.88925217847504], "n_played": [2017, 1757, 2017, 756, 2017, 2017, 2017, 1635, 2017, 1734, 2017, 2017, 1154, 2017, 2017, 2017, 1024, 834, 1722, 2017, 2017, 2017, 2017, 2017, 2017, 2017, 2017, 2017, 2017, 2017, 2017, 2017, 2017, 2017, 2017, 2017, 2017, 2017, 2017, 2017, 2017, 2017, 2017, 2017, 2017, 2017, 2017, 2017, 2017, 2017, 654, 943], "total_ts": [2017, 2017, 2017, 2017, 2017, 2017, 2017, 2017, 2017, 2017, 2017, 2017, 2017, 2017, 2017, 2017, 2017, 2017, 2017, 2017, 2017, 2017, 2017, 2017, 2017, 2017, 2017, 2017, 2017, 2017, 2017, 2017, 2017, 2017, 2017, 2017, 2017, 2017, 2017, 2017, 2017, 2017, 2017, 2017, 2017, 2017, 2017, 2017, 2017, 2017, 2017, 2017]}